{"CASILDO MALDANER": 131505.12000000002, "ALFREDO COTAIT": 44532.64, "JO\u00c3O RIBEIRO": 590493.8899999999, "ALVARO DIAS": 156068.44999999998, "REMI RIBEIRO": 0, "WALTER PINHEIRO": 62385.7, "ROMEU TUMA": 508539.7200000001, "ANTONIO RUSSO": 0, "EPIT\u00c1CIO CAFETEIRA": 562041.9299999998, "EDISON LOB\u00c3O": 0, "ANA AM\u00c9LIA": 29007.329999999998, "JO\u00c3O TEN\u00d3RIO": 153523.75000000003, "PAULO DAVIM": 69418.03, "MARCELO CRIVELLA": 532615.9300000002, "HUMBERTO COSTA": 78957.53, "ADA MELLO": 59962.46000000001, "LUIZ CARLOS": 13326.1, "RAIMUNDO COLOMBO": 396207.89999999997, "MARCO ANT\u00f4NIO COSTA": 45354.64, "SADI CASSOL": 87503.83000000002, "C\u00c9SAR BORGES": 517681.58, "ELISEU RESENDE": 519032.9699999999, "JOS\u00c9 MARANH\u00c3O": 158968.90000000002, "EUN\u00cdCIO OLIVEIRA": 0, "LOB\u00c3O FILHO": 368271.98, "S\u00c9RGIO SOUZA": 7453.48, "CARLOS DUNGA": 59446.85, "JAYME CAMPOS": 513167.7099999999, "IN\u00c1CIO ARRUDA": 572672.9199999999, "ROSEANA SARNEY": 223301.59000000003, "N\u00cdURA DEMARCHI": 29131.789999999997, "LUIZ HENRIQUE": 45796.880000000005, "PAPAL\u00c9O PAES": 343670.37999999995, "RODRIGO ROLLEMBERG": 0, "CL\u00c9SIO ANDRADE": 12787.83, "FLEXA RIBEIRO": 550635.0200000001, "RICARDO FERRA\u00c7O": 44843.34, "ALOYSIO NUNES FERREIRA": 48749.88, "JO\u00c3O DURVAL": 601207.5299999999, "VALDIR RAUPP": 613862.0700000001, "JOS\u00c9 NERY": 532058.88, "M\u00c3O SANTA": 537173.0599999999, "TASSO JEREISSATI": 89515.0, "A\u00c9CIO NEVES": 58285.67999999999, "LEOMAR QUINTANILHA": 183676.78999999998, "MOZARILDO CAVALCANTI": 612845.2999999998, "CIRO NOGUEIRA": 71725.77, "ATA\u00cdDES OLIVEIRA": 27790.54, "IDELI SALVATTI": 475901.11, "GILBERTO GOELLNER": 467767.04000000004, "JO\u00c3O PEDRO": 339590.9000000001, "JOS\u00c9 BEZERRA": 57240.50000000001, "L\u00daCIA V\u00c2NIA": 602136.18, "ALMEIDA LIMA": 540864.0800000001, "ANA RITA": 100164.99, "REGIS FICHTNER": 0, "ANT\u00d4NIO CARLOS VALADARES": 436808.94, "GERALDO MESQUITA J\u00daNIOR": 388898.4399999998, "JOS\u00c9 AGRIPINO": 441743.89999999997, "PAULO DUQUE": 365123.5200000001, "BELINI MEURER": 24180.199999999997, "ALFREDO NASCIMENTO": 10756.980000000001, "JONAS PINHEIRO": 0, "RENATO CASAGRANDE": 478923.7699999999, "HER\u00c1CLITO FORTES": 440201.47, "H\u00c9LIO COSTA": 101060.90000000001, "L\u00cdDICE DA MATA": 81287.5, "BENEDITO DE LIRA": 41900.19, "JEFFERSON PRAIA": 0, "JO\u00c3O FAUSTINO": 40574.95, "IVO CASSOL": 64768.880000000005, "PAULO PAIM": 570098.24, "WALDEMIR MOKA": 82865.84, "JOS\u00c9 SARNEY": 154000.0, "RENAN CALHEIROS": 410618.00999999995, "WILSON SANTIAGO": 91690.83, "GERSON CAMATA": 299284.52, "DANIMAR CRISTINA": 14649.61, "MARTA SUPLICY": 7267.04, "ROMERO JUC\u00c1": 560371.57, "JO\u00c3O ALBERTO SOUZA": 33762.20999999999, "EDUARDO BRAGA": 0, "CRISTOVAM BUARQUE": 261721.13000000003, "JORGE VIANA": 73734.19, "ALOIZIO MERCADANTE": 403064.46, "FERNANDO COLLOR": 561936.5400000002, "ZEZ\u00c9 PERRELLA": 0, "JO\u00c3O VICENTE CLAUDINO": 579219.9400000001, "JOS\u00c9 PIMENTEL": 50686.33000000001, "LINDBERGH FARIAS": 23651.82, "VITAL DO R\u00caGO": 57349.579999999994, "ROBERTO REQUI\u00c3O": 54771.08, "EXPEDITO JUNIOR": 326500.0, "PEDRO TAQUES": 75936.77, "NEUTO DE CONTO": 484593.88999999996, "ARMANDO MONTEIRO": 61238.68000000001, "PAULO BAUER": 66798.2, "FRANCISCO DORNELLES": 614613.2400000001, "\u00c2NGELA PORTELA": 134116.44, "GILVAM BORGES": 449730.0, "OSVALDO SOBRINHO": 31518.9, "OSMAR DIAS": 458847.55999999994, "GLEISI HOFFMANN": 64360.66, "MAGNO MALTA": 453963.00000000006, "ROBERTO CAVALCANTI": 91106.40000000002, "AUGUSTO BOTELHO": 542975.01, "DELCIDIO AMARAL": 564548.5599999999, "WELLINGTON DIAS": 79546.77, "JARBAS VASCONCELOS": 600978.35, "VICENTINHO ALVES": 75093.07, "PATR\u00cdCIA SABOYA GOMES": 437024.36000000004, "CYRO MIRANDA": 53293.03, "MARCONI PERILLO": 492344.61000000004, "MARCO MACIEL": 0, "SERYS SLHESSARENKO": 464355.38000000006, "TI\u00c3O VIANA": 433349.81000000006, "K\u00c1TIA ABREU": 516989.2099999999, "ROSALBA CIARLINI": 484670.52000000014, "MAURO FECURY": 222952.39, "AN\u00cdBAL DINIZ": 81185.58, "GARIBALDI ALVES": 8294.25, "EDUARDO AMORIM": 76796.17, "VALTER PEREIRA": 533615.3899999999, "WELLINGTON SALGADO DE OLIVEIRA": 304014.98, "RANDOLFE RODRIGUES": 62172.68000000001, "EDUARDO AZEREDO": 540514.94, "MARIA DO CARMO ALVES": 190446.67000000004, "GEOVANI BORGES": 158179.55000000002, "SIB\u00c1 MACHADO": 52375.94, "VANESSA GRAZZIOTIN": 56919.53, "PEDRO SIMON": 0, "ACIR GURGACZ": 290744.29000000004, "GIM ARGELLO": 598876.69, "MARINOR BRITO": 56474.07, "C\u00cdCERO LUCENA": 568985.96, "VIRGINIO DE CARVALHO": 133028.84999999998, "ADELMIR SANTANA": 536786.76, "ARTHUR VIRG\u00cdLIO": 286820.14, "GARIBALDI ALVES FILHO": 474793.27, "DEMOSTENES TORRES": 642365.33, "S\u00c9RGIO PETEC\u00c3O": 69398.62, "S\u00c9RGIO ZAMBIASI": 361786.93000000005, "F\u00c1TIMA CLEIDE": 473901.3100000002, "EDUARDO SUPLICY": 130503.45000000001, "ANTONIO CARLOS JUNIOR": 535860.7, "BLAIRO MAGGI": 46777.39, "M\u00c1RIO COUTO": 604501.3500000001, "MARINA SILVA": 196640.18, "JORGE YANAI": 59737.47, "SELMA ELIAS": 30000.0, "EFRAIM MORAIS": 540015.46, "S\u00c9RGIO GUERRA": 414851.35, "ITAMAR FRANCO": 0, "MARISA SERRANO": 599430.0299999999, "FL\u00c1VIO ARNS": 505654.94999999995, "FL\u00c1VIO TORRES": 46438.38}